keys,en,vi
UI_MENU_TITLE,Aetheria,Aetheria
UI_MENU_NEW_GAME,New Game,Trò chơi mới
UI_MENU_LOAD_GAME,Load Game,Tải game
UI_MENU_QUIT,Quit,Thoát
UI_MENU_LANGUAGE,Language,Ngôn ngữ
UI_PROLOGUE_PLACEHOLDER,Prologue (shell),Khởi đầu (bản khung)
UI_PROLOGUE_HINT,Press [open_menu] to return to the menu.,Nhấn [open_menu] để quay lại menu.
UI_TEST_GREETING,Hello {name},Xin chào {name}
UI_SANDBOX_HINT,Move with WASD. Attack to hit the dummy. Press [open_menu] to return.,Di chuyển bằng WASD. Tấn công để đánh mục tiêu. Nhấn [open_menu] để quay lại.
UI_SANDBOX_PLAYER_HP,Player HP,Máu người chơi
UI_SANDBOX_DUMMY_HP,Training Dummy HP,Máu mộc nhân
UI_MAP_HUB_NAME,Village (hub),Thôn làng (trung tâm)
UI_MAP_FIELD_NAME,Forest Field,Khu rừng
UI_MAP_INTERACT_HINT,Press [interact] to use this exit.,Nhấn [interact] để dùng lối ra này.
UI_MAP_RETURN_HINT,Move to an exit. Press [open_menu] to return to the menu.,Di chuyển tới lối ra. Nhấn [open_menu] để quay lại menu.
CHARACTER_PLAYER_NAME,Wanderer,Lữ khách
CHARACTER_PLAYER_TITLE,Mortal Seeker,Phàm nhân cầu đạo
CHARACTER_PLAYER_ORIGIN,Born in a remote mountain village.,Sinh ra ở một thôn làng vùng núi xa xôi.
UI_HUD_INTERACT_HINT,{key} Interact,{key} Tương tác
UI_HUD_MENU_HINT,{key} Menu,{key} Menu
UI_MENU_SUBTITLE,A tu tiên journey,Hành trình tu tiên
